{
	"users": [
        {
                "id": "1087",
                "name": "Abhinandan",
                "email": "info@android.com",
                "gender" : "male",
                "contact": {
                    "mobile": "+91 0000000000",
                    "home": "00 000000",
                    "office": "00 000000"
                }
        },
        {
                "id": "1088",
                "name": "Gourav",
                "email": "gourav9188@gmail.com",
                "gender" : "male",
                "contact": {
                    "mobile": "+91 0000000000",
                    "home": "00 000000",
                    "office": "00 000000"
                }
        },
        {
                "id": "1089",
                "name": "Bhuvana",
                "email": "bhuvana@gmail.com",
                "gender" : "Female",
                "contact": {
                    "mobile": "+91 0000000000",
                    "home": "00 000000",
                    "office": "00 000000"
                }
        },
        {
                "id": "1090",
                "name": "Harish",
                "email":"Harish@gmail.com",
                "gender" : "male",
                "contact": {
                    "mobile": "+91 0000000000",
                    "home": "00 000000",
                    "office": "00 000000"
                }
        }
    ]
}